id;name;created_date;content
1;produire secours;2024-11-27T21:32:36;../fake-data/blob/hipster.txt
2;regrouper blême insuffisamment;2024-11-28T11:49:55;../fake-data/blob/hipster.txt
3;de peur que combien;2024-11-28T12:16:41;../fake-data/blob/hipster.txt
4;diplomate candide;2024-11-27T18:37:56;../fake-data/blob/hipster.txt
5;quand;2024-11-28T03:09:49;../fake-data/blob/hipster.txt
6;raide gai en face de;2024-11-28T16:42:59;../fake-data/blob/hipster.txt
7;vu que efficace;2024-11-27T23:26:08;../fake-data/blob/hipster.txt
8;quoique;2024-11-28T17:17:35;../fake-data/blob/hipster.txt
9;jusqu’à ce que condamner;2024-11-28T09:49:52;../fake-data/blob/hipster.txt
10;évoluer;2024-11-27T20:28:43;../fake-data/blob/hipster.txt
