id;name;start_hour;end_hour;type
1;filer fonctionnaire;2024-11-28T00:41:07;2024-11-28T03:40:07;athlète guide quelque
2;patientèle fonder;2024-11-28T00:15:21;2024-11-28T01:17:00;lâche
3;sus admirablement;2024-11-28T00:09:45;2024-11-28T12:00:40;pschitt
4;plic snob;2024-11-28T01:32:29;2024-11-28T03:20:14;chef de cuisine suffisamment depuis
5;réjouir terriblement;2024-11-27T22:48:19;2024-11-28T10:44:46;apparemment membre du personnel
6;mériter secouriste;2024-11-28T00:54:30;2024-11-28T10:39:03;abriter équipe oh
7;allumer ha;2024-11-28T06:08:04;2024-11-28T14:53:36;renaître multiple
8;à moins de aïe;2024-11-28T11:40:09;2024-11-27T23:02:58;clac areu areu personnel professionnel
9;administration aussitôt hors de;2024-11-28T07:43:44;2024-11-28T11:09:17;du fait que marier à cause de
10;de manière à ce que ha brave;2024-11-27T20:48:15;2024-11-28T00:54:08;envers après-demain près
